asset,date,CURRENCY,px_last,ret,sigma,is_jump,jump_width,duration,trend_type
NKY Index,2022-01-19,JPY,27467.23,-0.02795813463801322,0.012317633458944115,True,-0.02795813463801322,0,short_term
NKY Index,2022-01-27,JPY,26170.3,-0.031136193589875183,0.011881232826308723,True,-0.031136193589875183,0,short_term
NKY Index,2022-02-16,JPY,27460.4,0.022155436086623626,0.010562616567223551,True,0.022155436086623626,0,short_term
NKY Index,2022-03-07,JPY,25221.41,-0.0294033550287911,0.013155614534973296,True,-0.0294033550287911,2,short_term
NKY Index,2022-03-10,JPY,25690.4,0.03935951529137438,0.0155858512285509,True,0.03935951529137438,0,short_term
NKY Index,2022-03-17,JPY,26652.89,0.03458115263521755,0.01717744559212089,True,0.03458115263521755,10,long_term
NKY Index,2022-04-12,JPY,26334.98,-0.01813991153372374,0.007475210620341572,True,-0.01813991153372374,0,short_term
NKY Index,2022-04-13,JPY,26843.49,0.01930929888687971,0.008939922629956836,True,0.01930929888687971,1,short_term
NKY Index,2022-05-09,JPY,26319.34,-0.025338140600720815,0.010190074314997973,True,-0.025338140600720815,1,short_term
NKY Index,2022-05-13,JPY,26427.65,0.02636752428858591,0.01153706855871026,True,0.02636752428858591,5,long_term
NKY Index,2022-05-30,JPY,27369.43,0.021945972022666238,0.010948831639674268,True,0.021945972022666238,0,short_term
NKY Index,2022-06-13,JPY,26987.44,-0.03007623914213098,0.01031129506972936,True,-0.03007623914213098,2,short_term
NKY Index,2022-07-20,JPY,27680.26,0.026651900029968312,0.01027520596381174,True,0.026651900029968312,4,short_term
NKY Index,2022-08-12,JPY,28546.98,0.02615627335381543,0.00816236211282198,True,0.02615627335381543,3,short_term
NKY Index,2022-08-29,JPY,27878.96,-0.026619527411039567,0.010411217993691387,True,-0.026619527411039567,0,short_term
NKY Index,2022-09-08,JPY,28065.28,0.023148853639952893,0.009957112458852151,True,0.023148853639952893,5,long_term
NKY Index,2022-09-14,JPY,27818.62,-0.02781828735859948,0.011753356376432992,True,-0.02781828735859948,0,short_term
NKY Index,2022-09-26,JPY,26431.55,-0.02659956256631213,0.011490362284995405,True,-0.02659956256631213,0,short_term
NKY Index,2022-10-04,JPY,26992.21,0.029616502115709542,0.011923009153422337,True,0.029616502115709542,2,short_term
NKY Index,2022-10-11,JPY,26401.25,-0.02636292595066181,0.012934831538183497,True,-0.02636292595066181,2,short_term
NKY Index,2022-10-14,JPY,27090.76,0.032523777109182195,0.015028809005477673,True,0.032523777109182195,2,short_term
NKY Index,2022-11-04,JPY,27199.74,-0.016760418733929527,0.008293888541286988,True,-0.016760418733929527,2,short_term
NKY Index,2022-11-11,JPY,28263.57,0.02978455955490955,0.010362403277298796,True,0.02978455955490955,2,short_term
NKY Index,2022-12-02,JPY,27777.9,-0.015878223260190616,0.0058008735677175195,True,-0.015878223260190616,2,short_term
NKY Index,2022-12-16,JPY,27527.12,-0.018700470916201195,0.007249507609227413,True,-0.018700470916201195,5,long_term
NKY Index,2022-12-20,JPY,26568.03,-0.02458399479543749,0.009106723058421466,True,-0.02458399479543749,1,short_term
NKY Index,2023-01-13,JPY,26119.52,-0.012487797648528365,0.0062079128164578236,True,-0.012487797648528365,3,short_term
NKY Index,2023-01-18,JPY,26791.12,0.02496070956911356,0.008735190726024765,True,0.02496070956911356,0,short_term
NKY Index,2023-02-13,JPY,27427.32,-0.008805615124581778,0.0031839266638471067,True,-0.008805615124581778,0,short_term
NKY Index,2023-02-22,JPY,27104.32,-0.013423312258172504,0.005047854784729215,True,-0.013423312258172504,1,short_term
NKY Index,2023-02-24,JPY,27453.48,0.01288207931429386,0.005805051654903668,True,0.01288207931429386,2,short_term
NKY Index,2023-03-03,JPY,27927.47,0.015586094992267041,0.006585511151329047,True,0.015586094992267041,6,long_term
NKY Index,2023-03-10,JPY,28143.97,-0.016740994614499072,0.0074285638165793805,True,-0.016740994614499072,4,short_term
NKY Index,2023-03-14,JPY,27222.04,-0.02194951596955541,0.008863891867857477,True,-0.02194951596955541,0,short_term
NKY Index,2023-04-05,JPY,27813.26,-0.01676222151048068,0.00823508728709554,True,-0.01676222151048068,1,short_term
NKY Index,2023-04-28,JPY,28856.44,0.014012386111587505,0.005077185661920912,True,0.014012386111587505,9,long_term
NKY Index,2023-05-09,JPY,29242.82,0.01011886750480473,0.005026987421202245,True,0.01011886750480473,0,short_term
NKY Index,2023-05-18,JPY,30573.93,0.01596153865324812,0.005679468489254506,True,0.01596153865324812,4,short_term
NKY Index,2023-05-31,JPY,30887.88,-0.014053809735394607,0.006984914430066085,True,-0.014053809735394607,0,short_term
NKY Index,2023-06-05,JPY,32217.43,0.021989758985313523,0.008284426874140766,True,0.021989758985313523,1,short_term
NKY Index,2023-06-28,JPY,33193.99,0.02015038878762354,0.009580113462606421,True,0.02015038878762354,1,short_term
NKY Index,2023-08-02,JPY,32707.69,-0.022967997328281586,0.008362801233567283,True,-0.022967997328281586,1,short_term
NKY Index,2023-08-25,JPY,31624.28,-0.02053227888070852,0.007874393169341775,True,-0.02053227888070852,2,short_term
NKY Index,2023-09-14,JPY,33168.1,0.014112782405465207,0.00681378611039972,True,0.014112782405465207,4,short_term
NKY Index,2023-10-03,JPY,31237.94,-0.016433941186175804,0.008169986417454284,True,-0.016433941186175804,1,short_term
NKY Index,2023-10-04,JPY,30526.88,-0.022762704582952598,0.00843655157020552,True,-0.022762704582952598,0,short_term
NKY Index,2023-10-10,JPY,31746.53,0.02425771914977637,0.010990250951616855,True,0.02425771914977637,2,short_term
NKY Index,2023-11-01,JPY,31601.65,0.024070890522492006,0.011195517820649684,True,0.024070890522492006,5,long_term
NKY Index,2023-11-06,JPY,32708.48,0.023743117738433517,0.011447000664288099,True,0.023743117738433517,0,short_term
NKY Index,2023-11-15,JPY,33519.7,0.025194878995642433,0.010717747493719364,True,0.025194878995642433,0,short_term
NKY Index,2023-12-05,JPY,32775.82,-0.013705464762556407,0.0043820745537614895,True,-0.013705464762556407,0,short_term
NKY Index,2023-12-06,JPY,33445.9,0.020444339760225638,0.006486543717612367,True,0.020444339760225638,0,short_term
NKY Index,2023-12-07,JPY,32858.31,-0.017568371609076316,0.007477066382179243,True,-0.017568371609076316,3,short_term
NKY Index,2023-12-08,JPY,32307.86,-0.01675223101857637,0.008249666159200938,True,-0.01675223101857637,2,short_term
NKY Index,2024-01-09,JPY,33763.18,0.011557514031941496,0.005526477111480301,True,0.011557514031941496,6,long_term
NKY Index,2024-01-10,JPY,34441.72,0.020097040622358397,0.005876827033115472,True,0.020097040622358397,5,long_term
NKY Index,2024-01-11,JPY,35049.86,0.017657074036952825,0.006835817992018419,True,0.017657074036952825,4,short_term
NKY Index,2024-01-12,JPY,35577.11,0.015042856091293855,0.007323605276038427,True,0.015042856091293855,3,short_term
NKY Index,2024-02-08,JPY,36863.28,0.020580333511259097,0.00771191690512707,True,0.020580333511259097,5,long_term
NKY Index,2024-02-13,JPY,37963.97,0.028905815094930842,0.009052962306067952,True,0.028905815094930842,0,short_term
NKY Index,2024-02-22,JPY,39098.68,0.021862853534666993,0.009638489287096774,True,0.021862853534666993,5,long_term
NKY Index,2024-03-01,JPY,39910.82,0.019012061168063532,0.009332412261547353,True,0.019012061168063532,3,short_term
NKY Index,2024-03-11,JPY,38820.49,-0.021881410791016465,0.008919809525137068,True,-0.021881410791016465,2,short_term
NKY Index,2024-03-18,JPY,39740.44,0.02668207103300535,0.009590402199661693,True,0.02668207103300535,6,long_term
NKY Index,2024-03-21,JPY,40815.66,0.020299673029427368,0.009793083481075989,True,0.020299673029427368,3,short_term
NKY Index,2024-04-16,JPY,38471.2,-0.019412328459860295,0.00885602010034886,True,-0.019412328459860295,1,short_term
NKY Index,2024-04-19,JPY,37068.35,-0.026558770158378264,0.010133641225625939,True,-0.026558770158378264,2,short_term
NKY Index,2024-04-24,JPY,38460.08,0.024177570611118027,0.011671678646976127,True,0.024177570611118027,0,short_term
NKY Index,2024-05-16,JPY,38920.26,0.013925226900725729,0.006840767282171503,True,0.013925226900725729,0,short_term
NKY Index,2024-06-17,JPY,38102.44,-0.018346723497573936,0.007527472453532665,True,-0.018346723497573936,0,short_term
NKY Index,2024-07-09,JPY,41580.17,0.019604126461782112,0.00668284506182988,True,0.019604126461782112,2,short_term
NKY Index,2024-07-12,JPY,41190.68,-0.0244728000791965,0.009282899085217462,True,-0.0244728000791965,3,short_term
NKY Index,2024-07-18,JPY,40126.35,-0.02363490502750898,0.010367374700381623,True,-0.02363490502750898,10,long_term
NKY Index,2024-07-25,JPY,37869.51,-0.03282709549391705,0.012031489351181148,True,-0.03282709549391705,3,short_term
NKY Index,2024-08-02,JPY,35909.7,-0.05813908655776745,0.01737073740853776,True,-0.05813908655776745,3,short_term
NKY Index,2024-08-05,JPY,31458.42,-0.12395759363069025,0.03130032926545901,True,-0.12395759363069025,0,short_term
NKY Index,2024-08-06,JPY,34675.46,0.10226324144696397,0.040558339474575225,True,0.10226324144696397,1,short_term
NKY Index,2024-09-04,JPY,37047.61,-0.04235865348749979,0.01441827511042809,True,-0.04235865348749979,7,long_term
NKY Index,2024-09-12,JPY,36833.27,0.03406815933960261,0.01341391939437606,True,0.03406815933960261,0,short_term
NKY Index,2024-09-26,JPY,38925.63,0.02786804209952609,0.012249150742252657,True,0.02786804209952609,3,short_term
NKY Index,2024-09-30,JPY,37919.55,-0.047954584484488305,0.01743163895493923,True,-0.047954584484488305,0,short_term
NKY Index,2024-10-28,JPY,38605.53,0.01824158514867369,0.00789932098738013,True,0.01824158514867369,2,short_term
NKY Index,2024-11-01,JPY,38053.67,-0.026293427154965632,0.009907441863358462,True,-0.026293427154965632,3,short_term
NKY Index,2024-11-06,JPY,39480.67,0.026140938637917,0.01098673541240612,True,0.026140938637917,0,short_term
NKY Index,2024-12-03,JPY,39248.86,0.019106265880993067,0.0074987691260760955,True,0.019106265880993067,2,short_term
NKY Index,2024-12-23,JPY,39161.34,0.011871251799007165,0.005577101658698518,True,0.011871251799007165,0,short_term
NKY Index,2024-12-27,JPY,40281.16,0.0180221117739916,0.007037600868786141,True,0.0180221117739916,2,short_term
NKY Index,2025-01-06,JPY,39307.05,-0.014726075297521901,0.007336322122241874,True,-0.014726075297521901,0,short_term
NKY Index,2025-01-07,JPY,40083.3,0.019748365751182106,0.008357878260354962,True,0.019748365751182106,0,short_term
NKY Index,2025-02-03,JPY,38520.09,-0.026594232508492688,0.009117081749121798,True,-0.026594232508492688,0,short_term
NKY Index,2025-02-25,JPY,38237.79,-0.013903882049486116,0.006016628143308618,True,-0.013903882049486116,1,short_term
NKY Index,2025-02-28,JPY,37155.5,-0.028771045298052522,0.008475979664442574,True,-0.028771045298052522,2,short_term
NKY Index,2025-03-07,JPY,36887.17,-0.021688410507591516,0.010276916821090026,True,-0.021688410507591516,2,short_term
NKY Index,2025-03-28,JPY,37120.33,-0.017979908449662796,0.006369821000090077,True,-0.017979908449662796,3,short_term
NKY Index,2025-03-31,JPY,35617.56,-0.04048374569945912,0.011022069553625875,True,-0.04048374569945912,0,short_term
NKY Index,2025-04-03,JPY,34735.93,-0.027709332201007353,0.0123167173549169,True,-0.027709332201007353,4,short_term
NKY Index,2025-04-04,JPY,33780.58,-0.027503222167939656,0.013431401530588426,True,-0.027503222167939656,3,short_term
NKY Index,2025-04-07,JPY,31136.58,-0.07826982248380576,0.020426306321688455,True,-0.07826982248380576,0,short_term
NKY Index,2025-04-08,JPY,33012.58,0.06025067621427915,0.025697450634972085,True,0.06025067621427915,0,short_term
NKY Index,2025-04-10,JPY,34609.0,0.09128357386305064,0.034765447870253686,True,0.09128357386305064,0,short_term
NKY Index,2025-05-13,JPY,38183.26,0.014318251972545104,0.006199152876732926,True,0.014318251972545104,0,short_term
NKY Index,2025-05-29,JPY,38432.98,0.01883708353657254,0.007045849205539328,True,0.01883708353657254,0,short_term
NKY Index,2025-06-26,JPY,39584.58,0.01649912292798006,0.007005195737285937,True,0.01649912292798006,4,short_term
NKY Index,2025-07-23,JPY,41171.32,0.03510755018489031,0.008347875005343279,True,0.03510755018489031,1,short_term
NKY Index,2025-08-12,JPY,42718.17,0.021465320340655847,0.00938177560992773,True,0.021465320340655847,1,short_term
NKY Index,2025-09-04,JPY,42580.27,0.015293203992761795,0.0071826536048828216,True,0.015293203992761795,4,short_term
SPX Index,2022-01-18,USD,4577.11,-0.0183878958147915,0.007811064330808734,True,-0.0183878958147915,5,long_term
SPX Index,2022-01-21,USD,4397.94,-0.01891481307149878,0.008356741386971525,True,-0.01891481307149878,2,short_term
SPX Index,2022-01-28,USD,4431.85,0.024347568825681787,0.009865636718802267,True,0.024347568825681787,5,long_term
SPX Index,2022-02-03,USD,4477.44,-0.024391094221877574,0.011925637398894521,True,-0.024391094221877574,0,short_term
SPX Index,2022-03-07,USD,4201.09,-0.02951809594651711,0.012643659211230233,True,-0.02951809594651711,1,short_term
SPX Index,2022-04-22,USD,4271.78,-0.02773997077607282,0.010183050177050628,True,-0.02773997077607282,2,short_term
SPX Index,2022-04-26,USD,4175.2,-0.02814632738377887,0.011293916211917146,True,-0.02814632738377887,0,short_term
SPX Index,2022-04-29,USD,4131.93,-0.03628454810495618,0.014954431280702047,True,-0.03628454810495618,2,short_term
SPX Index,2022-05-18,USD,3923.68,-0.04039522115020122,0.019379750174197078,True,-0.04039522115020122,1,short_term
SPX Index,2022-06-10,USD,3900.86,-0.02911031355312088,0.01421646302156104,True,-0.02911031355312088,4,short_term
SPX Index,2022-06-13,USD,3749.63,-0.03876837415339185,0.0159284323308953,True,-0.03876837415339185,1,short_term
SPX Index,2022-06-16,USD,3666.77,-0.032511959134456814,0.015151343225323551,True,-0.032511959134456814,0,short_term
SPX Index,2022-07-15,USD,3863.16,0.019201241036518768,0.008742064083947055,True,0.019201241036518768,2,short_term
SPX Index,2022-07-19,USD,3936.69,0.027628333137554417,0.009808958124712172,True,0.027628333137554417,2,short_term
SPX Index,2022-07-27,USD,4023.61,0.026156259165274642,0.011326786456927985,True,0.026156259165274642,4,short_term
SPX Index,2022-08-10,USD,4210.24,0.021290634013103604,0.009975162115860886,True,0.021290634013103604,0,short_term
SPX Index,2022-08-22,USD,4137.99,-0.021400124867564707,0.009500550097338552,True,-0.021400124867564707,1,short_term
SPX Index,2022-08-26,USD,4057.66,-0.033688010821315006,0.012143329074889722,True,-0.033688010821315006,5,long_term
SPX Index,2022-09-13,USD,3932.69,-0.043236562775976095,0.014822624865276485,True,-0.043236562775976095,0,short_term
SPX Index,2022-10-03,USD,3678.43,0.025883947546031072,0.011818899611581415,True,0.025883947546031072,1,short_term
SPX Index,2022-10-04,USD,3790.93,0.030583700111188827,0.013990264779322336,True,0.030583700111188827,0,short_term
SPX Index,2022-11-10,USD,3956.37,0.05543447234545429,0.01712564373139701,True,0.05543447234545429,3,short_term
SPX Index,2022-11-30,USD,4080.11,0.030947814727501077,0.009527420101122666,True,0.030947814727501077,0,short_term
SPX Index,2022-12-15,USD,3895.75,-0.024921658340258168,0.011937621092180828,True,-0.024921658340258168,4,short_term
SPX Index,2023-01-06,USD,3895.08,0.02284078674404566,0.009574869213357646,True,0.02284078674404566,2,short_term
SPX Index,2023-01-20,USD,3972.61,0.01891839901509429,0.009101437757609451,True,0.01891839901509429,3,short_term
SPX Index,2023-02-21,USD,3997.34,-0.020041234687148357,0.008668257624699575,True,-0.020041234687148357,1,short_term
SPX Index,2023-03-03,USD,4045.64,0.0161477890665227,0.008059060147991688,True,0.0161477890665227,3,short_term
SPX Index,2023-03-09,USD,3918.32,-0.018459372596762003,0.008593327235584963,True,-0.018459372596762003,4,short_term
SPX Index,2023-04-13,USD,4146.22,0.013262625398648753,0.005687044890226756,True,0.013262625398648753,0,short_term
SPX Index,2023-04-25,USD,4071.63,-0.015810821263512076,0.005174662098174359,True,-0.015810821263512076,1,short_term
SPX Index,2023-04-27,USD,4135.35,0.019566123190639217,0.00684965380440794,True,0.019566123190639217,3,short_term
SPX Index,2023-05-05,USD,4136.25,0.018474744042430657,0.008401492377771116,True,0.018474744042430657,3,short_term
SPX Index,2023-05-26,USD,4205.45,0.013048987300302572,0.006244502868130315,True,0.013048987300302572,4,short_term
SPX Index,2023-06-02,USD,4282.37,0.014534401637518846,0.0071868668983922825,True,0.014534401637518846,2,short_term
SPX Index,2023-06-15,USD,4425.84,0.012178136985173449,0.005434214684619428,True,0.012178136985173449,0,short_term
SPX Index,2023-06-27,USD,4378.41,0.011455777787018118,0.005511035980213271,True,0.011455777787018118,0,short_term
SPX Index,2023-06-30,USD,4450.38,0.012269017659743087,0.0059846996164467136,True,0.012269017659743087,4,short_term
SPX Index,2023-07-28,USD,4582.23,0.009877881875342887,0.004440368312561176,True,0.009877881875342887,3,short_term
SPX Index,2023-08-02,USD,4513.39,-0.01383957541738301,0.005035161139761298,True,-0.01383957541738301,4,short_term
SPX Index,2023-08-24,USD,4376.31,-0.013458039995401183,0.006348281967842002,True,-0.013458039995401183,0,short_term
SPX Index,2023-08-29,USD,4497.63,0.014508347036412905,0.007014097401108584,True,0.014508347036412905,1,short_term
SPX Index,2023-09-15,USD,4450.32,-0.012159552507158722,0.005810434224305591,True,-0.012159552507158722,2,short_term
SPX Index,2023-09-21,USD,4330.0,-0.016400890463858953,0.005859626513446041,True,-0.016400890463858953,3,short_term
SPX Index,2023-09-26,USD,4273.53,-0.01473449776826885,0.006557036526604184,True,-0.01473449776826885,0,short_term
SPX Index,2023-10-18,USD,4314.6,-0.013399798774352711,0.006664343298456052,True,-0.013399798774352711,5,long_term
SPX Index,2023-11-02,USD,4317.78,0.018858574846738696,0.009172427136204434,True,0.018858574846738696,6,long_term
SPX Index,2023-11-14,USD,4495.7,0.01907492831317792,0.008367691478379334,True,0.01907492831317792,6,long_term
SPX Index,2023-12-07,USD,4585.59,0.007968188792220499,0.0034474243421712555,True,0.007968188792220499,7,long_term
SPX Index,2023-12-13,USD,4707.09,0.013650752632599072,0.004288413735271952,True,0.013650752632599072,1,short_term
SPX Index,2023-12-20,USD,4698.35,-0.014684263175886003,0.005709723679155434,True,-0.014684263175886003,0,short_term
SPX Index,2024-01-08,USD,4763.54,0.014114671594383177,0.005907953633023147,True,0.014114671594383177,0,short_term
SPX Index,2024-01-19,USD,4839.81,0.012313478102632613,0.005663740681726927,True,0.012313478102632613,6,long_term
SPX Index,2024-01-31,USD,4845.65,-0.01610568186202166,0.005733015739878585,True,-0.01610568186202166,0,short_term
SPX Index,2024-02-22,USD,5087.03,0.021122887309807714,0.006894998572472095,True,0.021122887309807714,3,short_term
SPX Index,2024-04-04,USD,5147.21,-0.012334284436888443,0.00494380530159658,True,-0.012334284436888443,0,short_term
SPX Index,2024-04-05,USD,5204.34,0.011099216857287653,0.005499488133766611,True,0.011099216857287653,2,short_term
SPX Index,2024-04-12,USD,5123.41,-0.014550707243232486,0.006335579745660942,True,-0.014550707243232486,9,long_term
SPX Index,2024-04-30,USD,5035.69,-0.015730517164206925,0.007624013977108757,True,-0.015730517164206925,1,short_term
SPX Index,2024-06-05,USD,5354.03,0.011847660516995706,0.0046548468650506976,True,0.011847660516995706,0,short_term
SPX Index,2024-07-02,USD,5509.01,0.006195331948881222,0.002873279434505316,True,0.006195331948881222,8,long_term
SPX Index,2024-07-10,USD,5633.91,0.010208033738690059,0.003339469201818698,True,0.010208033738690059,0,short_term
SPX Index,2024-07-11,USD,5584.54,-0.008763008283767415,0.004003819668892653,True,-0.008763008283767415,0,short_term
SPX Index,2024-07-17,USD,5588.27,-0.013927512704686507,0.005404090463439911,True,-0.013927512704686507,4,short_term
SPX Index,2024-07-24,USD,5427.13,-0.023149031452155744,0.008057346052236299,True,-0.023149031452155744,1,short_term
SPX Index,2024-08-05,USD,5186.33,-0.029968802370122227,0.011304133739144896,True,-0.029968802370122227,0,short_term
SPX Index,2024-09-03,USD,5528.93,-0.021151122441753323,0.007880550040821341,True,-0.021151122441753323,5,long_term
SPX Index,2024-09-06,USD,5408.42,-0.01726020776209658,0.007951751384595798,True,-0.01726020776209658,2,short_term
SPX Index,2024-10-31,USD,5705.45,-0.018614747655095742,0.005606638485719651,True,-0.018614747655095742,0,short_term
SPX Index,2024-11-05,USD,5782.76,0.012265675189796932,0.005829683731022751,True,0.012265675189796932,6,long_term
SPX Index,2024-11-06,USD,5929.04,0.025295879476236127,0.008202922632968596,True,0.025295879476236127,5,long_term
SPX Index,2024-12-11,USD,6084.19,0.008165821859812183,0.0035532937790316178,True,0.008165821859812183,0,short_term
SPX Index,2024-12-18,USD,5872.16,-0.029492894104891865,0.007623282022824358,True,-0.029492894104891865,1,short_term
SPX Index,2025-01-10,USD,5827.04,-0.01541165040341319,0.007156626499220658,True,-0.01541165040341319,2,short_term
SPX Index,2025-01-15,USD,5949.91,0.018312792769356268,0.007752507241118673,True,0.018312792769356268,0,short_term
SPX Index,2025-02-21,USD,6013.13,-0.0170641044083224,0.006114085523662589,True,-0.0170641044083224,4,short_term
SPX Index,2025-02-27,USD,5861.57,-0.01586451446090209,0.006257680505966128,True,-0.01586451446090209,0,short_term
SPX Index,2025-02-28,USD,5954.5,0.015854114170776867,0.0073485904816916435,True,0.015854114170776867,2,short_term
SPX Index,2025-03-03,USD,5849.72,-0.017596775547904953,0.008052414345412921,True,-0.017596775547904953,1,short_term
SPX Index,2025-03-10,USD,5614.56,-0.026973068524487775,0.010639204467146663,True,-0.026973068524487775,1,short_term
SPX Index,2025-04-03,USD,5396.52,-0.04839560075260485,0.013493070998956509,True,-0.04839560075260485,5,long_term
SPX Index,2025-04-04,USD,5074.08,-0.05974961641947041,0.01863641203765368,True,-0.05974961641947041,4,short_term
SPX Index,2025-04-09,USD,5456.9,0.09515390034057347,0.029114726800816653,True,0.09515390034057347,0,short_term
SPX Index,2025-05-12,USD,5844.19,0.03255882160670387,0.009560211458634933,True,0.03255882160670387,7,long_term
SPX Index,2025-05-27,USD,5921.54,0.020459018201495205,0.009794463033860716,True,0.020459018201495205,0,short_term
SPX Index,2025-07-23,USD,6358.91,0.007811880905664648,0.003475658533455799,True,0.007811880905664648,5,long_term
SPX Index,2025-08-01,USD,6238.01,-0.01599207494727417,0.0046769563356677795,True,-0.01599207494727417,2,short_term
SPX Index,2025-08-04,USD,6329.94,0.01473707159815385,0.005646913512307455,True,0.01473707159815385,0,short_term
SPX Index,2025-08-22,USD,6466.91,0.01518640789806236,0.006197290190947678,True,0.01518640789806236,2,short_term
SPX Index,2025-09-11,USD,6587.47,0.008485863528086224,0.004108532758859497,True,0.008485863528086224,0,short_term
USDJPY Curncy,2022-01-26,,114.64,0.006673691605198595,0.0028590667774053527,True,0.006673691605198595,1,short_term
USDJPY Curncy,2022-03-04,,114.82,-0.0055430452104624495,0.002663726841902529,True,-0.0055430452104624495,1,short_term
USDJPY Curncy,2022-03-11,,117.29,0.00990184260375404,0.0033605776836990505,True,0.00990184260375404,5,long_term
USDJPY Curncy,2022-03-22,,120.8,0.011132501883317936,0.0038188115285758546,True,0.011132501883317936,2,short_term
USDJPY Curncy,2022-03-24,,122.35,0.009905076351630182,0.0036283416826808964,True,0.009905076351630182,0,short_term
USDJPY Curncy,2022-03-28,,123.86,0.014663717539116883,0.004686436805095162,True,0.014663717539116883,0,short_term
USDJPY Curncy,2022-04-19,,128.91,0.015119300732341134,0.004236834948159017,True,0.015119300732341134,0,short_term
USDJPY Curncy,2022-04-28,,130.85,0.01884294946663534,0.00670535440566488,True,0.01884294946663534,0,short_term
USDJPY Curncy,2022-06-01,,130.13,0.011346856299059738,0.004805588047748046,True,0.011346856299059738,0,short_term
USDJPY Curncy,2022-06-08,,134.25,0.012519797873142835,0.005087441222657277,True,0.012519797873142835,3,short_term
USDJPY Curncy,2022-06-15,,133.84,-0.012032184247434796,0.005614514548906713,True,-0.012032184247434796,1,short_term
USDJPY Curncy,2022-06-17,,135.02,0.02125406550185316,0.007770738492861723,True,0.02125406550185316,1,short_term
USDJPY Curncy,2022-07-11,,137.44,0.010513932799058878,0.004089841261373709,True,0.010513932799058878,0,short_term
USDJPY Curncy,2022-07-14,,138.96,0.011427323677123624,0.004247144254878307,True,0.011427323677123624,0,short_term
USDJPY Curncy,2022-07-28,,134.27,-0.016841180347074602,0.006103770192253585,True,-0.016841180347074602,4,short_term
USDJPY Curncy,2022-08-01,,131.61,-0.012455916560366154,0.006171939538921297,True,-0.012455916560366154,0,short_term
USDJPY Curncy,2022-08-05,,135.01,0.015953043870870598,0.007567311093557227,True,0.015953043870870598,2,short_term
USDJPY Curncy,2022-09-01,,140.21,0.008995394358088715,0.004301080709481663,True,0.008995394358088715,0,short_term
USDJPY Curncy,2022-09-06,,142.8,0.015647226173542084,0.005069811719910571,True,0.015647226173542084,2,short_term
USDJPY Curncy,2022-10-12,,146.91,0.007198683669271677,0.003083511817820399,True,0.007198683669271677,3,short_term
USDJPY Curncy,2022-10-14,,148.67,0.010535617183251578,0.0035031677963012456,True,0.010535617183251578,1,short_term
USDJPY Curncy,2022-10-21,,147.65,-0.01665001665001664,0.005128985182290526,True,-0.01665001665001664,1,short_term
USDJPY Curncy,2022-11-10,,140.98,-0.03748207824127814,0.00994318079867729,True,-0.03748207824127814,2,short_term
USDJPY Curncy,2022-12-01,,135.33,-0.019845006156297362,0.006873817558011646,True,-0.019845006156297362,2,short_term
USDJPY Curncy,2022-12-05,,136.75,0.01650189548799519,0.007920650534797742,True,0.01650189548799519,1,short_term
USDJPY Curncy,2022-12-15,,137.78,0.016976675524062568,0.00841491613108179,True,0.016976675524062568,0,short_term
USDJPY Curncy,2022-12-20,,131.73,-0.037835074136293945,0.012125031895235932,True,-0.037835074136293945,0,short_term
USDJPY Curncy,2023-01-12,,129.25,-0.02416006040015095,0.008098025542829217,True,-0.02416006040015095,3,short_term
USDJPY Curncy,2023-02-03,,131.19,0.019505750699409408,0.006444986024465087,True,0.019505750699409408,3,short_term
USDJPY Curncy,2023-02-24,,136.48,0.013214550853749119,0.005367960531082219,True,0.013214550853749119,1,short_term
USDJPY Curncy,2023-03-07,,137.16,0.009048775104833373,0.004217859601413428,True,0.009048775104833373,1,short_term
USDJPY Curncy,2023-03-17,,131.85,-0.014131897711978536,0.005848229913169589,True,-0.014131897711978536,3,short_term
USDJPY Curncy,2023-03-29,,132.86,0.015050806020322716,0.007050798810962986,True,0.015050806020322716,0,short_term
USDJPY Curncy,2023-04-28,,136.3,0.01739195342240807,0.00554460102226769,True,0.01739195342240807,1,short_term
USDJPY Curncy,2023-05-03,,134.71,-0.013474917612596116,0.0064218592677672175,True,-0.013474917612596116,1,short_term
USDJPY Curncy,2023-06-08,,138.92,-0.008634839077999112,0.003979675095544591,True,-0.008634839077999112,0,short_term
USDJPY Curncy,2023-06-16,,141.82,0.010905980469028353,0.004364557367392916,True,0.010905980469028353,1,short_term
USDJPY Curncy,2023-06-22,,143.11,0.008669297998308512,0.004138123425374661,True,0.008669297998308512,2,short_term
USDJPY Curncy,2023-07-07,,142.21,-0.01291039078225853,0.00426169271958932,True,-0.01291039078225853,6,long_term
USDJPY Curncy,2023-07-12,,138.5,-0.013251638643488217,0.004881795903103997,True,-0.013251638643488217,1,short_term
USDJPY Curncy,2023-07-21,,141.73,0.011851217248518564,0.005894568295265943,True,0.011851217248518564,1,short_term
USDJPY Curncy,2023-09-05,,147.72,0.008534170819963105,0.00414018439089404,True,0.008534170819963105,0,short_term
USDJPY Curncy,2023-10-03,,149.02,-0.0056052315494461435,0.0027342308850294944,True,-0.0056052315494461435,0,short_term
USDJPY Curncy,2023-10-27,,149.66,-0.0049202127659575545,0.002190347399234214,True,-0.0049202127659575545,3,short_term
USDJPY Curncy,2023-10-31,,151.68,0.01730382293762589,0.004333452252466718,True,0.01730382293762589,0,short_term
USDJPY Curncy,2023-12-07,,144.13,-0.021587129183354925,0.0063865333187439885,True,-0.021587129183354925,0,short_term
USDJPY Curncy,2023-12-13,,142.89,-0.017600550017188077,0.007387236432086663,True,-0.017600550017188077,1,short_term
USDJPY Curncy,2024-01-03,,143.29,0.009155574336220829,0.004377183770926583,True,0.009155574336220829,3,short_term
USDJPY Curncy,2024-01-10,,145.76,0.008859357696566983,0.004140988997378724,True,0.008859357696566983,0,short_term
USDJPY Curncy,2024-01-16,,147.19,0.010018527413710343,0.004686866105361137,True,0.010018527413710343,2,short_term
USDJPY Curncy,2024-02-02,,148.38,0.013316943249334079,0.004720749768357786,True,0.013316943249334079,3,short_term
USDJPY Curncy,2024-02-13,,150.8,0.009708737864077888,0.0045922814628054824,True,0.009708737864077888,0,short_term
USDJPY Curncy,2024-03-06,,149.38,-0.004465178273908799,0.0020554113977437048,True,-0.004465178273908799,3,short_term
USDJPY Curncy,2024-03-07,,148.05,-0.008903467666354192,0.0027752485001057265,True,-0.008903467666354192,2,short_term
USDJPY Curncy,2024-03-08,,147.06,-0.006686930091185483,0.0030709541884189106,True,-0.006686930091185483,1,short_term
USDJPY Curncy,2024-03-19,,150.86,0.01146496815286624,0.00450493982802131,True,0.01146496815286624,2,short_term
USDJPY Curncy,2024-04-10,,153.16,0.009225092250922495,0.0023163053050894093,True,0.009225092250922495,1,short_term
USDJPY Curncy,2024-04-15,,154.28,0.00783903841128808,0.00281990823980945,True,0.00783903841128808,1,short_term
USDJPY Curncy,2024-04-26,,158.33,0.01721811757147451,0.004496958165239906,True,0.01721811757147451,1,short_term
USDJPY Curncy,2024-05-01,,154.57,-0.020468948035488044,0.00723634263409651,True,-0.020468948035488044,4,short_term
USDJPY Curncy,2024-06-03,,156.08,-0.007314125802963645,0.0036090882120184986,True,-0.007314125802963645,1,short_term
USDJPY Curncy,2024-06-04,,154.88,-0.0076883649410559585,0.003323568287838074,True,-0.0076883649410559585,0,short_term
USDJPY Curncy,2024-06-05,,156.11,0.007941632231404983,0.003706133501720691,True,0.007941632231404983,0,short_term
USDJPY Curncy,2024-06-26,,160.81,0.006950532247965047,0.0026663453340843414,True,0.006950532247965047,0,short_term
USDJPY Curncy,2024-07-11,,158.84,-0.01762632197414804,0.004649640593837375,True,-0.01762632197414804,2,short_term
USDJPY Curncy,2024-07-17,,156.2,-0.013577518155983626,0.005399341952099021,True,-0.013577518155983626,0,short_term
USDJPY Curncy,2024-07-31,,149.98,-0.018262747921712563,0.006249437328986354,True,-0.018262747921712563,3,short_term
USDJPY Curncy,2024-08-02,,146.53,-0.018947509373326232,0.007139650606572433,True,-0.018947509373326232,1,short_term
USDJPY Curncy,2024-08-05,,144.18,-0.01637331150225141,0.007500208642238171,True,-0.01637331150225141,0,short_term
USDJPY Curncy,2024-09-17,,142.41,0.012729341487697221,0.006042974637371275,True,0.012729341487697221,0,short_term
USDJPY Curncy,2024-09-27,,142.21,-0.017954561149091885,0.006557641051557615,True,-0.017954561149091885,1,short_term
USDJPY Curncy,2024-10-02,,146.47,0.020199205962248445,0.007857634167779076,True,0.020199205962248445,4,short_term
USDJPY Curncy,2024-10-23,,152.76,0.011119936457505863,0.004947006487602682,True,0.011119936457505863,0,short_term
USDJPY Curncy,2024-11-06,,154.63,0.019852262234533624,0.006582679036898631,True,0.019852262234533624,0,short_term
USDJPY Curncy,2024-11-27,,151.09,-0.012999738698719732,0.005594172036930075,True,-0.012999738698719732,0,short_term
USDJPY Curncy,2024-12-19,,157.44,0.01705426356589146,0.0049978269304859334,True,0.01705426356589146,0,short_term
USDJPY Curncy,2025-01-15,,156.47,-0.00943276778931379,0.0029739116684825173,True,-0.00943276778931379,1,short_term
USDJPY Curncy,2025-01-16,,155.16,-0.008372211925608775,0.0034592721119164837,True,-0.008372211925608775,0,short_term
USDJPY Curncy,2025-02-05,,152.61,-0.011209019048853075,0.004764652603464239,True,-0.011209019048853075,4,short_term
USDJPY Curncy,2025-02-12,,154.42,0.01265656764377976,0.005506344517777774,True,0.01265656764377976,0,short_term
USDJPY Curncy,2025-02-20,,149.64,-0.012081600316894536,0.005854990924586614,True,-0.012081600316894536,3,short_term
USDJPY Curncy,2025-03-24,,150.7,0.008971612212104851,0.0038168707097283048,True,0.008971612212104851,0,short_term
USDJPY Curncy,2025-04-03,,146.06,-0.021570203644158625,0.006079959861453264,True,-0.021570203644158625,0,short_term
USDJPY Curncy,2025-04-07,,147.84,0.016012645179025675,0.0075691440736611335,True,0.016012645179025675,0,short_term
USDJPY Curncy,2025-04-10,,144.45,-0.022401191120736352,0.009543109381985106,True,-0.022401191120736352,2,short_term
USDJPY Curncy,2025-05-01,,145.39,0.01621583840078289,0.006997011425945291,True,0.01621583840078289,0,short_term
USDJPY Curncy,2025-07-03,,144.93,0.008840317416121568,0.004040166920280085,True,0.008840317416121568,0,short_term
USDJPY Curncy,2025-07-07,,146.05,0.01100650699155481,0.004599915588279749,True,0.01100650699155481,1,short_term
USDJPY Curncy,2025-08-01,,147.4,-0.022222222222222143,0.006871432589349837,True,-0.022222222222222143,3,short_term
USDJPY Curncy,2025-08-21,,148.37,0.0070589832349148285,0.002961900183274694,True,0.0070589832349148285,0,short_term
USDJPY Curncy,2025-08-22,,146.94,-0.00963806699467551,0.0037087018484734187,True,-0.00963806699467551,2,short_term
USGG10YR Index,2022-01-26,,1.86374712,0.053600286038377076,0.023260231356396575,True,0.053600286038377076,0,short_term
USGG10YR Index,2022-02-10,,2.029351711,0.04523351226813599,0.021731255181311263,True,0.04523351226813599,0,short_term
USGG10YR Index,2022-02-28,,1.825011492,-0.0696632604979529,0.02614458999054471,True,-0.0696632604979529,1,short_term
USGG10YR Index,2022-03-02,,1.876688957,0.08635334321078436,0.03334190477135263,True,0.08635334321078436,0,short_term
USGG10YR Index,2022-04-05,,2.546895742,0.06336137459417013,0.027856346726971362,True,0.06336137459417013,6,long_term
USGG10YR Index,2022-04-14,,2.827455997,0.04770086335911383,0.022235181647018317,True,0.04770086335911383,5,long_term
USGG10YR Index,2022-06-10,,3.155502081,0.03736774499511353,0.018656023158868842,True,0.03736774499511353,4,short_term
USGG10YR Index,2022-06-13,,3.359823704,0.06475090738499834,0.020084727245944043,True,0.06475090738499834,1,short_term
USGG10YR Index,2022-06-15,,3.283878565,-0.05453475229655502,0.025292043342523666,True,-0.05453475229655502,1,short_term
USGG10YR Index,2022-07-06,,2.928008795,0.04370221226120763,0.020966103892107704,True,0.04370221226120763,4,short_term
USGG10YR Index,2022-07-21,,2.874718904,-0.05016019952136175,0.021121730518503076,True,-0.05016019952136175,3,short_term
USGG10YR Index,2022-08-02,,2.748280048,0.06803556364987706,0.025820549202553483,True,0.06803556364987706,0,short_term
USGG10YR Index,2022-09-06,,3.349249601,0.05013308510543135,0.017379207179137737,True,0.05013308510543135,0,short_term
USGG10YR Index,2022-09-22,,3.71383667,0.052112849710034936,0.018082498408995114,True,0.052112849710034936,0,short_term
USGG10YR Index,2022-09-26,,3.92441988,0.06507919683637908,0.020369624807771564,True,0.06507919683637908,1,short_term
USGG10YR Index,2022-09-28,,3.731176615,-0.05422252997697641,0.023502249816908637,True,-0.05422252997697641,0,short_term
USGG10YR Index,2022-10-25,,4.102079868,-0.03306525386739434,0.014142466881682258,True,-0.03306525386739434,2,short_term
USGG10YR Index,2022-11-10,,3.812506199,-0.06837805309908829,0.020589600576124262,True,-0.06837805309908829,3,short_term
USGG10YR Index,2022-11-30,,3.605422497,-0.03704056058966165,0.014340098114136534,True,-0.03704056058966165,4,short_term
USGG10YR Index,2022-12-07,,3.416880608,-0.032428948684514514,0.015845338717061553,True,-0.032428948684514514,0,short_term
USGG10YR Index,2023-01-03,,3.738916874,-0.03506580237238155,0.015304765399570808,True,-0.03506580237238155,1,short_term
USGG10YR Index,2023-01-06,,3.558017015,-0.04306163508169536,0.018756148302136278,True,-0.04306163508169536,3,short_term
USGG10YR Index,2023-01-18,,3.369810343,-0.050109098869024926,0.020354651797218574,True,-0.050109098869024926,0,short_term
USGG10YR Index,2023-02-03,,3.524627447,0.03888291902989338,0.018282236918407076,True,0.03888291902989338,4,short_term
USGG10YR Index,2023-02-21,,3.952543259,0.036110892368060865,0.01560966743417163,True,0.036110892368060865,0,short_term
USGG10YR Index,2023-03-10,,3.698710918,-0.052401145065678834,0.0182598303282832,True,-0.052401145065678834,3,short_term
USGG10YR Index,2023-03-15,,3.454786301,-0.06354649568417259,0.023538076322080836,True,-0.06354649568417259,0,short_term
USGG10YR Index,2023-05-01,,3.568121195,0.04269407977133799,0.018044670622998447,True,0.04269407977133799,0,short_term
USGG10YR Index,2023-05-30,,3.686566591,-0.02942400662277822,0.01275665949234978,True,-0.02942400662277822,2,short_term
USGG10YR Index,2023-06-02,,3.690725088,0.026628365734351345,0.013225057678185537,True,0.026628365734351345,2,short_term
USGG10YR Index,2023-06-07,,3.795245409,0.03690924654227157,0.01458893603094741,True,0.03690924654227157,0,short_term
USGG10YR Index,2023-06-29,,3.838304043,0.035201648266917296,0.013215041792931101,True,0.035201648266917296,0,short_term
USGG10YR Index,2023-07-27,,3.998188972,0.03398330634597224,0.014954327076238281,True,0.03398330634597224,0,short_term
USGG10YR Index,2023-08-04,,4.033800125,-0.03384564281688973,0.01517934140837329,True,-0.03384564281688973,2,short_term
USGG10YR Index,2023-08-23,,4.191847801,-0.030581490736222627,0.014331344843488357,True,-0.030581490736222627,0,short_term
USGG10YR Index,2023-09-21,,4.494152069,0.01977526017027187,0.00806178720347478,True,0.01977526017027187,0,short_term
USGG10YR Index,2023-09-25,,4.533400536,0.02248619347943248,0.009224470689498226,True,0.02248619347943248,2,short_term
USGG10YR Index,2023-10-02,,4.678526878,0.023498276728230127,0.010552102473163955,True,0.023498276728230127,1,short_term
USGG10YR Index,2023-10-03,,4.79547739,0.024997294030721484,0.011099557569835246,True,0.024997294030721484,0,short_term
USGG10YR Index,2023-10-10,,4.6529603,-0.030811812863939636,0.01420143021389769,True,-0.030811812863939636,1,short_term
USGG10YR Index,2023-11-01,,4.734082699,-0.03987675946007874,0.016953772407966094,True,-0.03987675946007874,4,short_term
USGG10YR Index,2023-11-14,,4.4472785,-0.04151773802685821,0.017386625350543552,True,-0.04151773802685821,0,short_term
USGG10YR Index,2023-12-01,,4.195559025,-0.03023493323268389,0.014962642231616034,True,-0.03023493323268389,2,short_term
USGG10YR Index,2023-12-13,,4.016413689,-0.04384569939587668,0.016293973524482384,True,-0.04384569939587668,4,short_term
USGG10YR Index,2024-01-16,,4.058089733,0.030244310422304466,0.010341087053105895,True,0.030244310422304466,2,short_term
USGG10YR Index,2024-01-31,,3.912365437,-0.029636743992114023,0.012148323426443723,True,-0.029636743992114023,1,short_term
USGG10YR Index,2024-02-02,,4.019882679,0.03598861033353118,0.014695288481010448,True,0.03598861033353118,3,short_term
USGG10YR Index,2024-02-05,,4.157878876,0.034328414040762034,0.015142869410567026,True,0.034328414040762034,0,short_term
USGG10YR Index,2024-03-14,,4.290272713,0.02396544808761325,0.009601956810527704,True,0.02396544808761325,4,short_term
USGG10YR Index,2024-04-01,,4.30918932,0.02591946527950717,0.00991452765694339,True,0.02591946527950717,1,short_term
USGG10YR Index,2024-04-05,,4.401591301,0.021398024596768872,0.009888672582778079,True,0.021398024596768872,3,short_term
USGG10YR Index,2024-04-10,,4.543535233,0.041704434101538235,0.013592722063675296,True,0.041704434101538235,1,short_term
USGG10YR Index,2024-05-15,,4.340009212,-0.02239121645366704,0.008843654371215688,True,-0.02239121645366704,0,short_term
USGG10YR Index,2024-05-28,,4.549950123,0.019036631316937003,0.00906204979813782,True,0.019036631316937003,1,short_term
USGG10YR Index,2024-06-03,,4.388402462,-0.024483762610805093,0.011164390473257955,True,-0.024483762610805093,2,short_term
USGG10YR Index,2024-06-07,,4.433507919,0.03416361264732792,0.013006970175874067,True,0.03416361264732792,3,short_term
USGG10YR Index,2024-06-28,,4.396079063,0.025580423526484486,0.011676316534884452,True,0.025580423526484486,3,short_term
USGG10YR Index,2024-07-31,,4.029609,-0.026533051201841018,0.009300771197997664,True,-0.026533051201841018,5,long_term
USGG10YR Index,2024-08-02,,3.79037,-0.046688824586488153,0.013737038832285072,True,-0.046688824586488153,3,short_term
USGG10YR Index,2024-09-04,,3.755230427,-0.01977517014377217,0.009103083997163804,True,-0.01977517014377217,6,long_term
USGG10YR Index,2024-09-25,,3.784869432,0.015244891978746233,0.007519177401002433,True,0.015244891978746233,1,short_term
USGG10YR Index,2024-10-04,,3.967201233,0.031573704489567644,0.010839783728296793,True,0.031573704489567644,3,short_term
USGG10YR Index,2024-10-21,,4.195613861,0.027622154178497338,0.01207342796094608,True,0.027622154178497338,2,short_term
USGG10YR Index,2024-11-01,,4.383645535,0.023171231036625217,0.010831107962599833,True,0.023171231036625217,2,short_term
USGG10YR Index,2024-11-06,,4.431458473,0.03762851794413291,0.013329081453597291,True,0.03762851794413291,0,short_term
USGG10YR Index,2024-11-25,,4.273135185,-0.028876293478809933,0.014132488305034616,True,-0.028876293478809933,0,short_term
USGG10YR Index,2024-12-18,,4.514008045,0.026211282497834887,0.010165248145609231,True,0.026211282497834887,1,short_term
USGG10YR Index,2024-12-30,,4.5326581,-0.020032802112398218,0.009892022272625986,True,-0.020032802112398218,0,short_term
USGG10YR Index,2025-01-15,,4.65308857,-0.029071342628722796,0.009998341848795217,True,-0.029071342628722796,1,short_term
USGG10YR Index,2025-02-05,,4.418113232,-0.02049149553871199,0.007559107188544305,True,-0.02049149553871199,0,short_term
USGG10YR Index,2025-02-12,,4.620791,0.01886271438236875,0.009080325206319325,True,0.01886271438236875,0,short_term
USGG10YR Index,2025-02-25,,4.294490337,-0.02404411329806555,0.011108574877361405,True,-0.02404411329806555,1,short_term
USGG10YR Index,2025-03-24,,4.334606171,0.020817983738334656,0.00906018313421175,True,0.020817983738334656,0,short_term
USGG10YR Index,2025-03-28,,4.249394417,-0.02526637029038248,0.010832795598749893,True,-0.02526637029038248,9,long_term
USGG10YR Index,2025-04-03,,4.028552532,-0.024736984036439758,0.010134935259958074,True,-0.024736984036439758,3,short_term
USGG10YR Index,2025-04-07,,4.183508396,0.04736750426778236,0.015296985865417662,True,0.04736750426778236,6,long_term
USGG10YR Index,2025-05-08,,4.378450871,0.025551798387279945,0.011744416917216687,True,0.025551798387279945,4,short_term
USGG10YR Index,2025-06-04,,4.355172634,-0.022130767772801097,0.01059142723243876,True,-0.022130767772801097,0,short_term
USGG10YR Index,2025-06-06,,4.50558424,0.026193475089405727,0.012114632635866708,True,0.026193475089405727,2,short_term
USGG10YR Index,2025-07-03,,4.345741272,0.01610574125592512,0.007770110956881921,True,0.01610574125592512,5,long_term
USGG10YR Index,2025-07-29,,4.320355892,-0.02028134715219898,0.007620208655224315,True,-0.02028134715219898,0,short_term
USGG10YR Index,2025-08-01,,4.2158885,-0.03614752436512947,0.010865728523592598,True,-0.03614752436512947,3,short_term
USGG10YR Index,2025-08-22,,4.253735542,-0.01708544726834127,0.007125591434030102,True,-0.01708544726834127,2,short_term
USGG10YR Index,2025-09-05,,4.074233055,-0.020786503215951213,0.00800568460061566,True,-0.020786503215951213,3,short_term
